order	allele	id
40	DPYD_c.2846A>T	chr1:97547947T>A
41	DPYD_*2A	chr1:97915614C>T
42	DPYD_c.1775G>A	chr1:97915745C>T
43	DPYD_*13	chr1:97981343A>C
47	DPYD_HapB3	chr1:98039419C>T
44	DPYD_*12	chr1:98039499C>A
45	DPYD_c.557A>G	chr1:98165030T>C
46	DPYD_c.151-69G>A	chr1:98293821C>T
7	CYP2C9_*14	chr10:96701991G>A
2	CYP2C9_*2	chr10:96702047C>T
6	CYP2C9_*8	chr10:96702066G>A
3	CYP2C9_*11	chr10:96740981C>T
0	CYP2C9_*3	chr10:96741053A>C
5	CYP2C9_*5	chr10:96741058C>G
1	CYP2C9_*3	chr10:96748737A>T
4	CYP2C9_*12	chr10:96748777C>T
29	SLCO1B1_*15	chr12:21329738A>G
30	SLCO1B1_*15	chr12:21331549T>C
21	NUDT15_*3	chr13:48619855C>T
8	CYP4F2_*3	chr19:15990431C>T
9	CYP4F2_*2	chr19:16008388A>C
23	RYR1_c.130C>T	chr19:38931469C>T
22	RYR1_c.1021G>C	chr19:38939352G>C
25	RYR1_c.1589G>A	chr19:38946103G>A
26	RYR1_c.1840C>T	chr19:38948185C>T
27	RYR1_c.6502G>A	chr19:38985219G>A
28	RYR1_c.6617C>T	chr19:38986923C>T
24	RYR1_c.14545G>A	chr19:39071043G>A
69	CYP2B6_*22	chr19:41497129T>C
56	CYP2B6_*12	chr19:41510030G>A
54	CYP2B6_*8	chr19:41510282A>G
70	CYP2B6_*26	chr19:41512824C>G
66	CYP2B6_*20	chr19:41512828C>T
49	CYP2B6_*6	chr19:41512841G>T
48	CYP2B6_*4	chr19:41515263A>G
61	CYP2B6_*16	chr19:41518221T>C
65	CYP2B6_*19	chr19:41518244C>T
53	CYP2B6_*7	chr19:41522715C>T
39	UGT1A1_*6	chr2:234669144G>A
38	UGT1A1_*27	chr2:234669619C>A
36	TPMT_*3C	chr6:18130918T>C
37	TPMT_*4	chr6:18131012C>T
35	TPMT_*3B	chr6:18139228C>T
34	TPMT_*2	chr6:18143955C>G
15	G6PD_Union,Maewo, Chinese-2, Kalo	chrX:153760605G>A
13	G6PD_G6PD A- 968C_376G	chrX:153761240A>G
20	G6PD_Seattle, Lodi, Modena, Ferrara II, Athens-like	chrX:153761811C>G
14	G6PD_Mediterranean, Dallas, Panamaâ€š Sassari, Cagliari, Birmingham	chrX:153762634G>A
18	G6PD_Mahidol	chrX:153762710C>T
19	G6PD_Salerno Pyrgos	chrX:153763485A>C
11	G6PD_A- 202A_376G	chrX:153763492T>C
12	G6PD_G6PD A- 968C_376G	chrX:153763492T>C
17	G6PD_Lagosanto	chrX:153764177C>T
16	G6PD_Asahi	chrX:153764217C>T
